Director,NodeID
,180
Andr--s Couturier,2379
Stuart Gillard,13196
Tobe Hooper,2036
Peter Kassovitz,3387
Rich Cowan,5490
Shane Meadows,8426
Sol Tryon,13480
Tony Bancroft,11026
John Gulager,8287
Shari Springer Berman,2145
Walter Salles,6398
Stefen Fangmeier,330
Jeff Kanew,2490
Collin Schiffli,2798
Catherine Owens,11664
Jorge Ram--rez Su--rez,5519
Francis Lawrence,4271
Don Mancini,2671
Paul Haggis,2921
Henry Hathaway,13502
Werner Herzog,3877
Andrew Haigh,821
Lee Tamahori,4707
Gary McKendry,2923
Mark Tarlov,4914
Ruben Fleischer,7807
John Putch,4985
Michael Kang,5547
Jeffrey W. Byrd,7880
Laurence Dunmore,11813
Miguel Sapochnik,11476
Rupert Wainwright,9751
Daniele Luchetti,13075
John Erick Dowdle,3215
Brian Yuzna,8453
Kevin Smith,1969
George Nolfi,7539
Vicky Jewson,1880
Jeta Amata,645
Carol Reed,2722
Jennifer Wynne Farmer,1069
Bruce McCulloch,4028
Kirk Jones,251
George Cukor,12301
Ken Shapiro,1651
Bille Woodruff,2421
Scott Dow,6010
Nicholas Fackler,5568
Anthony Bell,9249
Catherine Hardwicke,1282
Joseph Zito,7830
Jamin Winans,12898
Michel Leclerc,8235
Jay Duplass,1004
Gene Teigland,5727
Josh Schwartz,6241
Anna Mastro,12675
John G. Avildsen,5460
Jonathan Dayton,4370
Gus Van Sant,816
Gary David Goldberg,3940
Joe Pytka,3922
Preston A. Whitmore II,904
Petter N--ss,10131
Brett Ratner,1457
Regardt van den Bergh,6436
Boris Rodriguez,5469
Jesse Peretz,4905
Joe Wright,826
Serdar Akar,5002
Joseph Green,11424
Mickey Liddell,5033
Anne Fletcher,908
Andrey Zvyagintsev,8005
Danny Boyle,1468
Sam Raimi,396
Dan Perri,11988
Benjamin Dickinson,11860
Hans Canosa,4522
Ralph Ziman,1305
Dario Argento,1734
Robert Stevenson,1931
Uli Edel,3266
Efram Potelle,5120
Steve Beck,5352
Charles Adelman,4444
Zack Ward,5216
Michael Ritchie,689
Gilles Paquet-Brenner,1839
David Nixon,8546
Melvin Van Peebles,117
Marcos Siega,5435
David Lynch,1447
Tony Richardson,5637
Walt Becker,935
John Hillcoat,3475
Eric Blakeney,13349
Arthur Hiller,4366
Sergey Bodrov,6570
Quentin Tarantino,386
Christine Jeffs,2155
Sharron Miller,7441
Frank Oz,1079
William Phillips,7674
Louis C.K.,9555
Patrick Gilles,12558
Lucile Hadzihalilovic,13209
William Malone,1731
Douglas McGrath,1321
Todd Solondz,2003
Doug Lefler,5621
Barbet Schroeder,10339
Gerald Potterton,10394
Jessica Bendinger,12000
Kar-Wai Wong,6335
Michael Herz,5887
Billy Wilder,3367
Nils Gaup,8461
Paul Tibbitt,859
Kurt Wimmer,3419
Michael Roemer,6752
Jonathan Hensleigh,12590
Carlos Carrera,6955
John Maclean,745
Lance McDaniel,7209
RZA,7317
Richard Lester,373
Aaron Schneider,9130
Peter Landesman,11170
Kevin Tancharoen,10849
Dany Boon,3219
Alexandre Aja,3937
Steve Carver,3742
Gregory Hoblit,4238
Darren Lynn Bousman,3236
Rowan Joffe,2290
Daisy von Scherler Mayer,12592
Dan Mazer,8291
David Lam,9486
Scott Derrickson,547
Brad Silberling,6244
Chris Robinson,11682
Jackie Earle Haley,6632
David R. Ellis,4433
Lorene Scafaria,7147
Kunihiko Yuyama,8378
Sam Miller,2014
Deryck Broom,1050
Meiert Avis,5345
Marco Kreuzpaintner,8932
Peter Farrelly,1325
Joseph L. Mankiewicz,12239
Rita Merson,2714
Phyllida Lloyd,4269
Dan Ireland,13338
Jason Eisener,10802
Joel Gallen,12627
John Reinhardt,12767
Ronan Chapalain,7652
Hal Needham,12199
Corey Grant,10938
Andrew Leman,13201
Danny Provenzano,11121
Ed Gass-Donnelly,11143
Michel Hazanavicius,529
Ernest R. Dickerson,5041
Barbra Streisand,4301
Asger Leth,2942
Anand Tucker,2098
Tom Walsh,438
Dave Carroll,12970
Sydney Pollack,2057
Bob Spiers,8833
Bobcat Goldthwait,13397
Edgar Wright,9869
Tim Boxell,13453
Iain Softley,5427
Bob Giraldi,13504
Tamara Jenkins,3904
Lawrence Guterman,1788
Warren P. Sonoda,2991
Bruno Barreto,9653
Phil Traill,9657
S.S. Rajamouli,9065
Matt Maiellaro,8229
John Stephenson,8873
Steven Zaillian,2038
Michael Cohn,2651
Babak Najafi,3946
George Lucas,694
James Gunn,10242
Jon Turteltaub,409
Penelope Spheeris,13002
Daniel Barber,3914
Troy Duffy,3782
Harald Reinl,4498
David Cross,6728
Steven R. Monroe,8720
Hark Tsui,8637
Jason Stone,7727
Steve McQueen,8660
Alan Taylor,5307
Charles S. Dutton,2741
Noel Marshall,486
Sharon Maguire,9655
Jake Paltrow,8160
Hugh Hudson,3441
Bo Welch,13232
Bruce Hunt,1271
Hoyt Yeatman,13013
Michael O. Sajbel,6758
Vicky Jenson,7280
Henry Koster,12745
Jamie Babbit,5882
Dan Reed,10092
Stefan Schwartz,11215
Christophe Ali,10331
Patrick Lussier,6782
Katherine Brooks,11803
Tom Shadyac,2865
Bonnie Hunt,12613
H.M. Coakley,2548
Tom McGrath,11229
Gillian Robespierre,8245
Gordon Chan,12844
Ethan Maniquis,10870
David Ray,12255
Jack Heller,1529
Danny Cannon,7127
Michael Martin,3433
David Oelhoffen,11707
Joe Cornish,9384
Peter Howitt,1766
Panos Cosmatos,10265
Karyn Kusama,1805
Will Canon,7988
Levan Gabriadze,424
John Dahl,5834
Jim Field Smith,7757
Michael Cimino,10037
Jake Goldberger,2637
Don Siegel,3563
Harmage Singh Kalirai,9097
John Ford,789
Arjun Sablok,2471
Tom Dey,7421
Anthony Silverston,12488
Julien Temple,11908
Tom McCarthy,5678
Hugh Wilson,6883
Saul Dibb,7163
Michael Spierig,3950
James Melkonian,9649
Kevin Tenney,7224
Mike van Diem,5291
Stephen Daldry,3122
Leonard Farlinger,5255
Oren Moverman,6764
M--ns M--rlind,3698
David Wain,4764
Michael Burke,6562
Xavier Beauvois,7159
Christian Ditter,10189
Sacha Bennett,11370
Dan Curtis,11222
Richard Kwietniowski,5333
Baz Luhrmann,89
John Crowley,12528
Dean Wright,2507
Joachim R--nning,218
Susan Seidelman,6188
Fred Walton,13549
Michael Radford,7024
Marc Webb,3254
Bronwen Hughes,4193
Alan Rudolph,12784
Ken Annakin,2578
Vincent Paronnaud,5295
Robinson Devor,12639
Jim Sonzero,10814
Rusty Cundieff,4164
Jehane Noujaim,13089
Nicholas Ray,5978
Steve Carr,4939
Tom Brady,7893
Mike Judge,255
James David Pasternak,11331
Randall Wallace,4931
Christopher Barnard,11077
Steve James,8850
John Madden,1973
Bart Freundlich,3832
David Koepp,7974
Chris Roberts,11855
William Bindley,8780
Kabir Sadanand,6585
Cameron Crowe,6921
Jimmy Hayward,7517
Tim Burton,1356
Chatrichalerm Yukol,12151
Kirk Loudon,2928
Lars von Trier,836
C. Fraser Press,7528
Sadyk Sher-Niyaz,13537
Hunter Richards,4296
Lance Rivera,4340
Tina Gordon Chism,11891
Darren Aronofsky,1158
Clay Kaytis,2717
Wych Kaosayananda,5149
Mariette Monpierre,7823
Gary Hardwick,9111
Tim McCanlies,5411
Jamel Debbouze,3855
Hironobu Sakaguchi,2674
Thomas Vinterberg,2555
Andrew Douglas,4456
Paul Mazursky,175
Tommy Wirkola,8329
James Cameron,1594
Jeff Nathanson,6536
Alejandro G. I----rritu,636
Jonathan Wacks,13365
Nat Faxon,9558
Robert Rossen,12391
John Simpson,11739
James Mottern,10876
Barry Cook,3455
Mike Barker,6813
James Bridges,7168
Nima Nourizadeh,3380
Amat Escalante,3011
Oren Peli,7609
Neil Mcenery-West,10823
Katt Shea,11767
Greg Marcks,11083
Hong-jin Na,2820
Peter Weir,1182
Peter DeLuise,8310
Darren Grant,4420
Elaine May,1579
Scott Frank,6865
Mennan Yapo,2338
Giuliano Montaldo,5920
Tom Sanchez,9409
Lucrecia Martel,6770
Bruce McDonald,1524
Michael McCullers,3556
Gavin O'Connor,1949
Vic Armstrong,11022
Chris Stokes,4667
Todd Lincoln,2054
Harley Cokeliss,6688
C--dric Klapisch,3829
Steven E. de Souza,13431
James Cox,5123
Richard Dutcher,12939
Stuart Gordon,9356
Timothy Woodward Jr.,7775
Jamal Hill,4966
Howard Hawks,11264
Jack Smight,7066
Tom Putnam,10110
Joel Zwick,7042
Kaige Chen,3713
Roger Nygard,5930
Gerard Johnstone,5878
Lee Daniels,6358
Jake Kasdan,1934
Harry F. Millarde,7072
Jugal Hansraj,8432
Dan Harris,8320
Dustin Hoffman,1802
Peter Webber,1252
Terry Gilliam,3118
Jack Conway,13288
Joel Paul Reisig,2693
Peter Billingsley,804
Yimou Zhang,490
Matt Dillon,9270
Ted Kotcheff,5486
Baltasar Korm--kur,8466
Leslie H. Martinson,11569
Steve Taylor,5221
Georg Wilhelm Pabst,9934
James Bidgood,433
Shana Feste,6494
Jason Bateman,4424
George Clooney,4766
David Palmer,8955
Gavin Hood,882
Mark Christopher,10289
Jack Perez,8556
Shona Auerbach,10957
Antonia Bird,8917
Bobby Farrelly,3792
Simeon Rice,3473
Craig Gillespie,2113
Mark L. Lester,4832
David Robert Mitchell,1826
Elizabeth Allen Rosenbaum,12204
Jason Alexander,9422
Paul Donovan,10104
Kiyoshi Kurosawa,12041
George Miller,1189
Steve Boyum,6868
Alexander Payne,189
Norman Jewison,1228
Seth MacFarlane,1309
Matt Bettinelli-Olpin,3205
Justin Molotnikov,6060
John Landis,9257
John Hamburg,6675
Gary Trousdale,6673
Dwight H. Little,5582
Simon Curtis,13227
Walter Lang,4428
Cody Cameron,12521
Richard Donner,557
Mikael Salomon,7340
Stefan Ruzowitzky,5136
Michael Polish,1402
Victor Fleming,8182
Jim Amatulli,6610
David Lean,2747
Jamie Travis,3918
Bob Odenkirk,2530
Stanley Kubrick,4493
Lisanne Pajot,7941
Sergio Leone,3029
Mark A.Z. Dipp--,8096
Giuseppe Tornatore,10518
Steven Seagal,4864
Gonzalo L--pez-Gallego,3493
Malcolm D. Lee,3612
Scott Ziehl,10916
Taylor Hackford,2342
Jonathan Jakubowicz,5974
Christopher Nolan,4405
Cathy Malkasian,6305
Phil Alden Robinson,13493
Susanne Bier,4354
Fred Schepisi,7241
Bruce Macdonald,12660
J--r--me Salle,12975
Myles Berkowitz,6651
Wade Gasque,2024
Carl Franklin,8590
Christian E. Christiansen,7496
Neema Barnette,2213
John Eng,7948
Brandon Cronenberg,13030
Ash Brannon,10379
Marc F. Adler,9733
Kenneth Lonergan,6606
Sue Corcoran,4267
Scott Stewart,6472
Risa Bramon Garcia,4648
Roger Michell,5283
Fernando Meirelles,8054
Adrienne Shelly,10474
Clark Johnson,7161
Alex Gibney,879
John Michael McDonagh,11711
Shekar,10430
Nathan Greno,6834
Yuefeng Song,6925
Mimi Leder,39
Claudia Llosa,11635
William Eubank,2262
Matthew R. Anderson,1686
Christian Duguay,9706
Zach Braff,841
Daniel Myrick,8342
Brian Caunter,9240
Michael Taliferro,6620
Rodman Flender,10846
Bob Clark,1168
Timothy Hines,9013
Peter Kosminsky,8102
Brian Helgeland,4240
Jean-Pierre Jeunet,3228
Genndy Tartakovsky,288
Rohan Sippy,13434
Noah Buschel,7201
Rob Bowman,3151
Jane Campion,4558
Eldar Rapaport,11997
Robert Adetuyi,2786
J.J. Abrams,8684
Stephen Hillenburg,4799
Ryan Fleck,9037
Jessy Terrero,4506
Christopher Guest,4356
Jeff Franklin,7499
Daston Kalili,6146
Nathan Frankowski,2217
Blair Erickson,1574
Charles Ferguson,10308
J.B. Rogers,228
Paul Gross,6365
Anna Boden,9511
Remo,5939
Frederik Du Chau,4861
Eric Lartigau,11197
Sergey Bondarchuk,4109
David McNally,4320
Duke Johnson,6224
Valentine,12288
Antonio Simoncini,8938
Angelo Pizzo,10788
Brendan Malloy,1398
Ken Loach,10711
Nick Hamm,12449
Gregor Jordan,11172
Floria Sigismondi,4540
Rob Schmidt,5841
Peter Ramsey,11465
David Kellogg,5596
Sylvester Stallone,1887
Chia-Liang Liu,7769
Peter Hedges,5634
Stefan C. Schaefer,9197
Ira Sachs,19
Neill Dela Llana,8347
Gaspar No--,3657
Kevin Bray,12097
Richard Schenkman,5856
James Fargo,12163
Ron Maxwell,1818
Jack Sholder,10363
Jamie Blanks,4101
Livingston Oden,9217
Stuart Hazeldine,7844
Paul Fierlinger,59
John Hoffman,1381
Richard Glatzer,1389
Kevin Brodie,10196
Eli Roth,7028
Molly Bernstein,10933
Hal Haberman,10272
Albert Hughes,4610
Ice Cube,7763
Darnell Martin,6377
Guillaume Canet,5054
Michael Meredith,12570
Stewart Hendler,2238
Jan de Bont,3069
Marco Schnabel,7124
Rick de Oliveira,10069
Robert Schwentke,6023
Rob Pritts,12235
Olatunde Osunsanmi,8112
Leon Ford,2443
John Schlesinger,3232
Tony Gilroy,1944
John Waters,3187
Vincente Minnelli,12891
Paolo Monico,203
Travis Cluff,7195
John Pasquin,377
James Nunn,10905
Roman Polanski,3544
Jim Gillespie,7957
Mark Pellington,131
Chris Gorak,8373
Andrea Arnold,917
Olivier Dahan,4634
Joseph Mazzella,1559
Sam Peckinpah,6551
Michael Lehmann,6288
Tyler Perry,1745
Anne Fontaine,2065
Gnana Rajasekaran,3864
Stig Bergqvist,3049
Pece Dingo,2499
Bob Rafelson,2565
Leonard Nimoy,8895
Gia Coppola,4394
Alan Metter,7932
Kyle Balda,1151
Joel Anderson,628
Kevin Macdonald,1857
John Cornell,3498
Nick Gomez,3752
Mike Leigh,754
George Armitage,1659
Dan O'Bannon,5314
Britt Allcroft,12048
Blaz Zavrsnik,722
Liv Ullmann,5140
David Zucker,850
Feroz Abbas Khan,6046
Franck Khalfoun,10620
Christopher Hutson,12275
Nick Murphy,4184
Moustapha Akkad,12698
Charlie Levi,8732
Caryn Waechter,8188
Jake Scott,8094
Mike Bigelow,7299
Matt Johnson,9720
Dito Montiel,11930
Brandon Camp,1206
Jonathan Frakes,4503
Jim Issa,4174
Hugh Johnson,10537
Sarik Andreasyan,13551
Fran--ois Girard,572
Giovanni Zelko,1488
Steve Bendelack,11210
Mary Lambert,2590
Richard Attenborough,6185
Wes Craven,1330
Mark Illsley,2525
Andy Garcia,9221
Michael Sucsy,3567
Colin Trevorrow,11963
Sally Potter,9346
Jean-Fran--ois Richet,9058
Drew Goddard,11512
Dominique Othenin-Girard,8862
John Blanchard,1985
Peter Hastings,12735
Udayan Prasad,6055
Dave Green,703
John Stainton,1965
Douglas Trumbull,10893
John Singleton,4744
Robert C. Cooper,5237
Sara Sugarman,5482
Andrew Hyatt,8654
Brett Leonard,3978
David Frankel,3653
Noam Murro,10053
Joe Camp,8258
Gareth Edwards,6526
Nelson McCormick,1898
Gurinder Chadha,8578
Shinji Aramaki,8612
Bryan Barber,12806
John Lafia,1108
Adam Carolla,12781
Dan Cutforth,13056
Leon Ichaso,7257
David Boyd,7620
Phil Joanou,6877
Michel Orion Scott,94
Scott Speer,458
Justin Kerrigan,12132
Eddie O'Flaherty,12837
Keith Gordon,5389
Brian Henson,736
Denys Arcand,11380
Matt Williams,13306
Robert Duvall,9516
James DeMonaco,2302
Dan Fogelman,11368
Craig Zobel,9157
Jaco Booyens,11702
Fernando Le--n de Aranoa,8664
Vijay Chandar,8960
Steven Brill,3788
Irwin Winkler,567
Jeremy Degruson,6448
Jonathan Kaplan,6309
JK Youn,5031
Vivek Agnihotri,13117
Geoff Murphy,7554
Andr-- T--chin--,5132
Stephen Langford,5866
Tuck Tucker,1503
Matthew Bright,9370
Renny Harlin,1642
Andrew Wilson,1780
Bob Gosse,5279
R.J. Cutler,9529
Jim Abrahams,3079
G--rard Krawczyk,12293
Emile Ardolino,9738
Thomas Lilti,6646
Jason Miller,2019
Anthony C. Ferrante,10921
Gary Nelson,9793
Ruairi Robinson,8042
Ruba Nadda,10798
James Kerwin,9828
John McTiernan,2160
David Sington,4519
Alison Maclean,13169
Jonas --kerlund,10182
Betty Thomas,1612
Analeine Cal y Mayor,12177
Jonathan Parker,5542
J--r--me Deschamps,7412
Will Finn,5382
Michael Winterbottom,2535
Kurt Voss,13248
Mark Herman,1096
Yarrow Cheney,9479
Khalil Sullins,5325
Alex Rivera,9990
Klaus Menzel,5540
Pierre Coffin,3550
Costa-Gavras,2484
Pat Holden,995
Reed Cowan,5262
Peter Cattaneo,3805
Valeri Milev,5478
Chan-wook Park,6072
Paolo Sorrentino,4563
Wajahat Rauf,7269
Linda Mendoza,4383
Alex Proyas,4828
Matthew O'Callaghan,11312
Collin Joseph Neal,12213
John Francis Daley,3327
Carroll Ballard,3750
Lori Silverbush,11566
Ericson Core,7658
Willard Huyck,2087
Eric Valette,8368
Ivan Reitman,3778
Angelina Jolie Pitt,5562
Lloyd Bacon,10455
Niels Arden Oplev,8139
Mike Mitchell,1360
Curtis Hanson,1496
Benedek Fliegauf,9673
Mike Disa,3989
John Bonito,13186
Julian Schnabel,8080
John Cromwell,1031
Anurag Basu,6950
Kevin Lima,779
Michael J. Bassett,11270
Daniel Mellitz,3640
Michael Haneke,4246
Don Hall,10642
Chris Koch,3859
Spencer Susser,6514
Robert Iscove,7229
Jodie Foster,9790
Rakesh Roshan,1286
Mike Binder,6901
Nick Cassavetes,6002
Morgan Spurlock,2610
Rob Zombie,7478
Brenda Chapman,3158
St--phane Aubier,12962
Robert Ben Garant,2411
Raja Gosnell,1926
Johnny Remo,1894
Zal Batmanglij,6104
Gary Winick,7656
James Algar,591
Mitchell Altieri,11279
Stephen Milburn Anderson,13346
Paul Weitz,10167
John Sayles,3992
Christian Volckman,4466
James Frawley,8812
Craig Johnson,3756
William Shatner,10818
Mike Cahill,10325
Joby Harold,6903
Marius A. Markevicius,13178
Robert Fontaine,11192
Thorbj--rn Christoffersen,2599
Patricia Rozema,11257
Mark Helfrich,6892
Jason Moore,6642
David LaChapelle,4278
Dave McKean,6374
David Lowery,10313
John Glen,1386
John Whitesell,3785
Sean Penn,6088
David DeCoteau,2177
John Frankenheimer,4889
David Fincher,3052
John Carl Buechler,7537
Zak Penn,9245
Eric Brevig,4942
Lynne Ramsay,4685
Brian Koppelman,9342
David Dobkin,2354
Ari Folman,11020
Adrian Lyne,708
Gary Sherman,7945
Heidi Ewing,10558
Warren Sheppard,4215
Huck Botko,29
Nickolas Perry,11508
Larry Charles,3521
Larry Clark,5749
Sidney Lumet,4112
Peter Sohn,11066
Caroline Link,11403
Brian Dorton,13036
Ray Griggs,7714
Laurent Bouhnik,4878
Bill Condon,4324
Stephen J. Anderson,4209
Patty Jenkins,11906
Susanna White,3963
Stephen Sommers,2349
John D. Hancock,11829
Adam Goldberg,10862
Thomas Carter,363
Stuart Baird,6850
Stephen Carpenter,1875
Richard LaGravenese,6213
Jon Stewart,9284
Tom DiCillo,5950
Aaron Seltzer,4550
Henry Hobson,5009
Ken Roht,13183
Brett Piper,6322
Jonathan Levine,613
Fina Torres,12868
Wayne Beach,12454
Jacques Perrin,12136
Mateo Gil,11411
Jeff Burr,6210
Jason Trost,6503
Fernando Baez Mella,13363
Gregory Widen,13224
Nadia Tass,13023
Jeff Nichols,874
Bennett Miller,12884
Carmen Marron,11676
Michael McGowan,2325
Bruce Malmuth,7115
Steve Hickner,8981
Julie Taymor,6341
Shane Black,5901
Dennis Hopper,1278
Darrell Roodt,6453
Masayuki Ochiai,4997
Neil Jordan,448
Andrew Morahan,10579
Gideon Raff,9335
Kenneth Johnson,10895
David Anspaugh,13048
Jon Wright,11205
John R. Leonetti,11510
David Hayter,7760
David Slade,6251
William Wyler,2977
Stanton Barrett,4643
Andrucha Waddington,8384
Richard Kelly,6628
Steve Barron,1432
Randall Miller,4955
Henry Bean,9902
Justin Thomas Ostensen,6987
Richard Shepard,6039
Joshua Marston,9745
Patrick Gilmore,4817
Jesse Dylan,1210
--lex de la Iglesia,12979
Allen Coulter,8271
Jill Sprecher,7094
Marcus Nispel,7860
Peyton Reed,665
Jon Cassar,6930
Billy Kent,12259
Benh Zeitlin,4159
John Ottman,10351
Irvin Kershner,344
Henry Selick,12232
Warren Beatty,3211
Craig Moss,2070
Greg Harrison,8806
Dennis Iliadis,368
Llu--s Qu--lez,4004
Peter Faiman,12671
Karen Moncrieff,698
Nanette Burstein,7934
L--a Pool,4600
Steve Pink,9234
Elizabeth Banks,3281
Kurt Hale,2794
Majid Majidi,5906
Brad Furman,3299
Joseph Kahn,8151
Allison Anders,3284
Sai Varadan,11851
Tony Scott,1590
Nick Tomnay,8380
Damian Nieman,9608
William Cottrell,12185
Robert Hall,9019
Abel Ferrara,3198
Andr-- --vredal,1647
Tom Schulman,8154
Harry Beaumont,8868
Perry Lang,3776
Danny Perez,939
Paul Greengrass,7149
Laurent Cantet,2182
Alex van Warmerdam,4461
Robert Redford,3250
Xavier Gens,6528
Ethan Coen,7910
Glenn Ficarra,5680
Herb Freed,7003
Tom Gormican,5594
Justin Tipping,12127
William Gazecki,3672
Jake Schreier,9714
Joe Dante,1104
Peter Chelsom,8485
David Schwimmer,3958
Kirk De Micco,9004
Kate Connor,3207
Alan J. Pakula,6423
Todd Phillips,2869
Paul Bartel,7490
Tyler Oliver,6271
Jean-Marie Poir--,2706
Milos Forman,4534
Fred Wolf,5860
Quentin Dupieux,7671
Doug Block,8769
Mike Mills,260
Chris Columbus,845
Vladlen Barbe,4947
Robert Stromberg,3201
Tom McLoughlin,9430
U. Roberto Romano,13487
Paul Fox,8206
Sean Durkin,9582
Jos-- Luis Valenzuela,9052
Robert Luketic,3132
Rob Letterman,581
Hans Petter Moland,12610
Roger Christian,5686
Al Franklin,6817
Zach Cregger,5967
Eli Craig,2357
Matthew Watts,2251
Duncan Jones,6218
John Patrick Shanley,2762
Allan Arkush,3516
Michel Gondry,1550
Robert Greenwald,2732
Michael Winner,8357
Chris Weitz,3803
Mel Brooks,3247
Rupert Wyatt,5537
Newt Arnold,8010
Josh Boone,6722
Matty Rich,9
Ben Affleck,2559
Tom Ford,6255
Keith Parmer,9951
Mitch Davis,1605
Asghar Farhadi,9047
David Yates,2306
Andrew Traucki,1903
Christian Alvart,34
Mic Rodgers,7311
Andrew Currie,11600
Pete Jones,2184
Ted Demme,8776
Charles Stone III,9940
Dick Richards,869
Rachel Goldenberg,5233
Sylvio Tabet,7296
Brad Anderson,4199
Joshua Tickell,12484
Tony Giglio,7622
Laurie Collyer,12815
Christopher Cain,2450
Tom Seidman,4899
James Gartner,13370
Kevin Allen,1484
Rob Minkoff,1507
Agust--n D--az Yanes,9237
Alan Shapiro,8285
Robert Towne,10065
Robert Moresco,7165
Laurent Tirard,11647
Michael Apted,982
Clive Barker,4793
Andr--s Muschietti,3462
Jonathan Newman,4058
Kenny Ortega,6345
Luis Llosa,108
Griffin Dunne,2789
Paul Bunnell,9572
John Cameron Mitchell,3005
Steve Trenbirth,10261
Bill Melendez,5610
Siddharth Anand,2737
Lisa Azuelos,774
Luke Greenfield,8597
Gene Quintano,13269
Hilary Brougher,12016
Deon Taylor,5783
Robert Townsend,3138
Agnieszka Wojtowicz-Vosloo,4205
John Turturro,1828
David S. Ward,11927
Peter Lepeniotis,538
Frank Miller,6101
Joseph Dorman,5578
Fabi--n Bielinsky,12062
Eric England,12066
Nadine Labaki,13392
Andrew Adamson,2267
Vincent Ward,8313
Oleg Stepchenko,2393
Eug--ne Louri--,7458
Jean-Luc Godard,4858
Todd Strauss-Schulson,4842
Anthony Russo,7198
Catherine Gund,9203
Robert Mulligan,2543
Nate Parker,7967
James Wong,98
Alec Asten,2368
David Worth,8025
Terry Zwigoff,7480
Frank Capra,5828
Rachel Perkins,11689
David Silverman,3559
Matthew Robbins,3437
John Curran,6719
Edward Burns,3406
Juan Jos-- Campanella,1960
Eric Bress,5718
Russ Meyer,5225
P.J. Hogan,6735
Martha Coolidge,12068
Mark Dindal,8293
Juraj Jakubisko,12111
Chris D'Arienzo,10301
Emily Dell,10561
Frank Darabont,2502
Rohit Jugraj,3885
Brad J. Silverman,2883
Emily Young,12803
Cal Brunker,12647
Barry W. Blaustein,9184
Marc Forby,103
Marianna Palka,10126
Amanda Gusack,8915
Kent Alterman,7678
Patrick Hughes,11333
Miranda July,7701
Takao Okawara,3172
Barry Skolnick,246
Simon Wincer,4771
Salvador Carrasco,764
Richard Wallace,1173
Andrew Jarecki,14
Wolfgang Becker,6914
J Blakeson,12617
Dan Zukovic,4596
Jay Oliva,1915
Peter Yates,5532
Carlos Saldanha,2771
Robert Wise,7919
Mary McGuckian,7366
Phil Morrison,12925
Jason Reitman,349
Alex Cox,2131
David Bowers,831
Benjamin Roberds,6839
George Hickenlooper,3091
Agnieszka Holland,3224
Glen Morgan,6356
Peter Segal,6165
Tony Jaa,6409
Jeff Lowell,5057
Rick Bieber,864
Edward Norton,732
Emilio Estevez,8437
Inna Evlannikova,10953
George Stevens,10989
Vincent Gallo,2615
Tom Tykwer,1221
Frank Coraci,5868
Jonathan Glazer,8000
John Murlowski,9002
Roger Vadim,9509
Edward Dmytryk,10979
Yash Chopra,5368
Tadeo Garcia,298
Tamra Davis,1463
Stanley Tong,9677
Mary Pat Kelly,8503
Ari Kirschenbaum,8819
Sylvain Chomet,13099
Hitoshi Matsumoto,6126
Stephen Norrington,5414
Don Taylor,4454
Anthony Powell,5670
Eric Darnell,1374
Chris Nahon,11542
Jeremy Sims,11105
Nancy Walker,3044
Stacy Peralta,4082
Ti West,2642
Joe Kenemore,4117
Jay Alaimo,9704
Kelly Makin,11609
Wilson Yip,11153
John Boorman,927
E. Elias Merhige,6946
Joe Cross,243
Daniel Hsia,13410
Ringo Lam,5941
Sanjay Rawal,6848
Anthony Hickox,13545
Mark Mylod,4768
D.J. Caruso,2953
Robert Altman,1223
Vicente Amorim,11949
Jonathan Liebesman,1395
James Watkins,7076
Alex Zamm,12376
Conor McPherson,12334
Joel Schumacher,674
Salim Akil,5198
Tim Heidecker,10826
Julie Anne Robinson,3354
Alister Grierson,10470
Peter Sollett,4845
Robert Eggers,6805
Ben Younger,7305
Gareth Evans,7993
Jim Sheridan,3744
Joe Johnston,3530
Lawrence Kasanoff,12480
Rob Reiner,1770
Sofia Coppola,2466
Ryan Murphy,2663
J.C. Chandor,5441
Errol Morris,11044
J.S. Cardone,13243
Joshua Michael Stern,10549
Doug Atchison,2619
Ingmar Bergman,13278
Sam Weisman,9775
Franco Zeffirelli,12801
Ivan Engler,1475
Katherine Dieckmann,3302
Fr--d--ric Forestier,5350
King Vidor,6113
Mark Rosman,7503
Scott Kalvert,2998
Fran--ois Ozon,6203
Richard Linklater,1492
Cory Edwards,4020
Peter Cousens,5529
Gregory Poirier,10856
Jeff Wadlow,4
Julian Jarrold,2515
Todd Graff,2204
Martin McDonagh,11880
Billy Ray,2834
Francis Ford Coppola,1316
Sam Martin,10235
Guillaume Ivernel,1514
Amy Holden Jones,12505
Steve Gomer,6660
Lisa Cholodenko,9875
Tim Miller,7818
Byron Howard,11108
John Moore,1369
Ole Bornedal,4487
F. Gary Gray,2776
Anthony O'Brien,11763
Damien Chazelle,10353
Dan Scanlon,10184
Jacob Aaron Estes,1420
Charles Chaplin,9377
David O. Russell,3306
Stanley Donen,3428
Shimit Amin,11605
David Jacobson,13238
Tony Maylam,8694
Martin Koolhoven,10566
Max F--rberb--ck,6200
Ren-- F--ret,10201
Nicholas Meyer,2311
Julie Davis,10523
Ramaa Mosley,9134
Mick Jackson,9665
Phillip Noyce,1866
Kevin Hamedani,5456
Henry Alex Rubin,1793
Jorma Taccone,11562
John Luessenhop,3196
Daniel Sackheim,10684
Victor Nunez,3627
Mike Flanagan,6997
Aki Kaurism--ki,10985
Justin Paul Miller,978
Oliver Parker,3837
Ossie Davis,11162
Jay Chandrasekhar,463
Matt Piedmont,6939
David Nutter,10010
Sheldon Lettich,3647
Philip Saville,5743
Danny Steinmann,8951
Alex Ranarivelo,472
Ol Parker,6206
Mora Stephens,453
Forest Whitaker,9785
David E. Talbert,11057
Douglas Cheek,2876
Ben Wheatley,5356
Nicolae Constantin Tanase,7252
Joe Swanberg,1423
Rowdy Herrington,3649
Stewart Raffill,9823
Jeremy Saulnier,10333
Bradley Rust Gray,13554
Ridley Scott,2315
John Sturges,8019
Mark Griffiths,11362
Liz Friedlander,11232
Mike Mayhall,552
Beto G--mez,1407
David Caffrey,1533
Kim Farrant,8758
Guillermo del Toro,391
Michael Corrente,6732
Khalid Mohamed,12631
Justin Lin,1142
Derek Cianfrance,7995
Phil Lord,2192
Andrew Erwin,9523
Ricki Stern,9976
Greg Berlanti,5391
Frank Lotito,165
Paul Thomas Anderson,5648
George Sidney,1249
Chris Shadley,5498
Chris Buck,13167
Steve Box,12581
Qasim Basir,9619
Jonathan Demme,2060
Jonathan Teplitzky,8883
Shintaro Shimosawa,7274
Rick Famuyiwa,7432
Gabriele Muccino,4119
Brian Dannelly,10186
Ava DuVernay,741
Timothy Bj--rklund,7729
David Twohy,2561
Jon Knautz,3468
Nae Caranfil,7235
Ritesh Batra,10443
Jeff Garlin,5573
Romesh Sharma,7618
Christopher McQuarrie,9024
Jeff Crook,3911
Mark Young,4335
Daryl Wein,10927
Andy Cadiff,11201
Mathieu Amalric,12196
Joe Carnahan,6462
Katie Aselton,13284
Robert M. Young,10155
Joe Roth,9536
James Toback,1719
Leslye Headland,12188
Karan Johar,6324
Jeremy Brock,4308
Gabe Ib----ez,13058
Jason Friedberg,3415
Marc Forster,495
--ric Tessier,2647
Alain Resnais,9584
Stephen Chow,3241
Peter Atencio,12756
Brian De Palma,1263
Neill Blomkamp,6265
Daniel Lee,3074
Anthony Hemingway,7520
Harald Zwart,1563
Gabriela Tagliavini,11217
Benson Lee,1762
Lowell Sherman,7404
Adam Green,8697
Jonathan English,3972
Andrew Niccol,3056
Charlie Kaufman,7883
Grant Heslov,4408
Ma--wenn,5764
Jim Hanon,3889
Stevan Mena,8222
Maggie Greenwald,9205
Robert Rodriguez,208
Benni Diez,9615
Ralph Nelson,9543
Matt Birch,4619
Harold Ramis,24
Yorgos Lanthimos,3020
Joseph Ruben,7507
Peter Berg,4613
Paul W.S. Anderson,799
James Foley,5272
D.W. Griffith,1345
Raymond De Felitta,10304
Alan Jacobs,7740
David Webb Peoples,12587
Carlos Saura,8628
Brian Levant,660
Prachya Pinkaew,10499
Alexander Witt,10445
Alan Poul,769
James Schamus,7049
Wolfgang Petersen,4378
Dennis Gansel,3535
Graham Annable,12227
Sngmoo Lee,11549
Istv--n Szab--,8553
Mary Harron,10622
Paul Feig,2858
Brandon Trost,8825
Mark Tonderai,5692
Peter MacDonald,10098
Russell Mulcahy,8266
Kimberly Peirce,1121
Melville Shavelson,11695
Steve Rash,10491
Adam Rifkin,4399
David Ayer,4018
Tom Hanks,9465
Michael Hoffman Jr.,7388
Charles Binam--,3539
Michael Mann,8987
Alan Parker,7313
Robert Marcarelli,12073
Don Coscarelli,1923
Terry George,1147
Annabel Jankel,6480
Theodore Melfi,6228
Tod Williams,8170
Oliver Blackburn,283
Mark Romanek,1854
Chuan Lu,2698
Gary Sinyor,7897
Michael Cristofer,11587
Robert Heath,10656
Ron Shelton,2108
Alan Alda,6542
Craig Bolotin,1117
Leslie Small,7907
Stephen Chbosky,10631
Dagur K--ri,11717
Eric Styles,10267
Ronald Neame,4950
Rod Lurie,1088
Darren Stein,3814
Colin Minihan,7108
Matthew Hastings,10718
William Sachs,543
Gina Prince-Bythewood,6430
Gore Verbinski,854
Kim Nguyen,6498
Mark Neveldine,5429
Cheryl Dunye,10033
Lukas Moodysson,6603
Jon Hurwitz,7060
Stephen Herek,3821
James Marsh,4923
Mike Nawrocki,3721
Claude Miller,7572
Anthony Minghella,1635
Jean-Jacques Mantello,4929
Richard J. Lewis,1977
Ray Lawrence,8994
Russell Holt,5404
Jorge Gaggero,11983
Michael Cuesta,8048
Scott Mann,8217
Fedor Bondarchuk,10966
Reginald Hudlin,4187
Demian Lichtenstein,6990
Nora Ephron,2257
Rodrigo Cort--s,8209
William Kaufman,2141
Michael Curtiz,6745
Matt Walsh,7215
Neil LaBute,9807
Gil Kenan,3873
Cassandra Nicolaou,1084
Robby Henson,6131
John Herzfeld,4298
Nicholaus Goossen,13312
Peter Ho-Sun Chan,2918
Youssef Delara,12510
Johnnie To,7708
John Fortenberry,5038
Tommy Oliver,4362
Pat O'Connor,4834
Isaac Florentine,10137
Roland Joff--,1673
James Mather,10113
Josh Trank,6456
John Wells,7969
Steve Miner,2149
Robert Zemeckis,2757
Allen Hughes,9534
Alfred Hitchcock,6276
Ariel Vromen,9071
Tay Garnett,7088
Ron Fricke,11620
Diane Keaton,10753
Rich Christiano,5816
Kevin Hooks,6577
Matthew Vaughn,3794
Dan Trachtenberg,1393
Tommy O'Haver,10028
Mikel Rueda,1628
Jim Jarmusch,4067
Allan Dwan,7902
Hart Bochner,12534
Scott Waugh,9414
Bernardo Bertolucci,2275
Tim Hill,4580
Lori Petty,12305
Sean Byrne,13108
Laslo Benedek,7719
McG,233
Alan Yuen,605
Olivier Megaton,576
Jesse Vaughan,11756
John Woo,4235
M. Night Shyamalan,1677
Ayan Mukerji,11491
Marielle Heller,4727
Etan Cohen,2414
Deepa Mehta,312
Debra Granik,11624
Malcolm Goodwin,10743
Geoffrey Sax,4689
Adam McKay,3511
Sajid Khan,8888
Nicholas Stoller,1268
Bob Fosse,2937
Tommy Lee Wallace,12004
Karim A--nouz,11387
Danny Leiner,10812
Justin Chadwick,4548
Josh Gordon,3772
Alex Craig Mann,12731
Jon Hess,9855
Colin Higgins,9565
Alejandro Amen--bar,6486
Enrique Begne,5183
Bill Muir,519
Ronny Yu,10145
John Lee Hancock,401
Michael Jai White,596
Kevin Rodney Sullivan,7264
James Isaac,8791
Chris Wedge,5494
Alice Wu,7523
Anthony Vallone,9711
Louis Leterrier,4881
Camille Delamarre,6593
Ruggero Deodato,9937
Pete Travis,405
Sylvain White,6284
Rawson Marshall Thurber,2605
Christopher M. Bessette,12556
Diane English,9834
Sammo Kam-Bo Hung,4138
Robert Cary,3261
George A. Romero,1061
Darin Scott,11441
Ben Falcone,2807
Kriv Stenders,12798
Michael Hoffman,8734
Travis Legge,2962
Richard Loncraine,6246
Hank Braxtan,13164
Peter M. Cohen,10682
Scott Smith,6354
Stuart Beattie,1741
Joe Marino,7867
Tomm Moore,5989
Gary Rogers,8391
Kat Coiro,7575
Martin Scorsese,1293
Howard Deutch,5205
Jonathan Mostow,2186
Lexi Alexander,8857
Scandar Copti,8352
Albert Brooks,307
Peter Lord,9165
Michael Gornick,3270
Zackary Adler,12955
Ernie Barbarash,913
Jaume Balaguer--,3976
Evan Goldberg,2461
Daniel Barnz,1202
Brian Robbins,150
Aaron Hann,1219
Woody Allen,1008
Paul Michael Glaser,973
Pitof,2270
Bradley Parker,11959
Mike Figgis,2632
Simon Wells,6020
Chuck Sheetz,6858
Kimble Rendall,7303
Paul Hunter,784
Mark Andrews,6980
Adam Marcus,13144
Lee Unkrich,12742
Orson Welles,7287
John Huston,8201
Mikael H--fstr--m,623
Jon Gunn,8676
Mike Gabriel,7143
Steve Buscemi,3700
Bob Dolman,12852
Daniel Columbie,293
Terence Davies,13510
Hideo Nakata,10418
Thaddeus O'Sullivan,6443
Troy Nixey,11839
Tony Goldwyn,3348
Christopher Landon,9906
David G. Evans,10403
Jon Avnet,9142
Jos-- Padilha,8707
Paul Verhoeven,358
Craig Mazin,3390
Takashi Yamazaki,3480
Sarah Smith,13445
James Ponsoldt,12166
Claude Chabrol,12370
Mitchell Lichtenstein,7262
Brian Gibson,3143
Bruce Campbell,11444
Igor Kovalyov,6391
Charles Shyer,11893
Morgan Neville,4850
Mike Newell,4180
Noah Baumbach,1920
S.R. Bindler,419
Catherine Jelski,9153
Lena Dunham,11672
Eric Nicholas,10650
Hue Rhodes,3125
Neal Brennan,11288
Benny Boom,9771
Scott Cooper,4646
Ken Kwapis,5178
Rick Rosenthal,13512
Wayne Wang,6068
Gillian Armstrong,1808
Susan Stroman,8624
Jon Favreau,727
Bill Benenson,3926
Kinka Usher,9531
Corbin Bernsen,10666
Tran Anh Hung,7338
Kate Barker-Froyland,11787
R. Balki,5268
Patrick Tatopoulos,670
Fred Zinnemann,963
John Schultz,10388
Fatih Akin,8672
Alfonso Cuar--n,8855
Richard Raymond,9190
Katsuhiro --tomo,2481
Guy Ritchie,49
Frank LaLoggia,500
Jay Levey,1849
James O'Brien,10740
Rob McKittrick,9444
Emma-Kate Croghan,1666
Sam Taylor-Johnson,74
Daniel Taplitz,12902
George Gallo,5379
Max Joseph,11799
Paul Bolger,2424
Brad Copeland,11743
Roger Kumble,5172
Andrew Fleming,5252
Tara Subkoff,8564
Joe Chappelle,3901
Gerry Lively,13066
Kerry Conran,2657
Vadim Perelman,10807
Charles Robert Carner,11453
Pedro Almod--var,2384
Florent-Emilio Siri,11584
Benedikt Erlingsson,11866
Denzel Washington,10486
Vipul Amrutlal Shah,6233
Michael Crichton,10124
Richard E. Grant,6908
James McTeigue,5417
Ciar--n Foy,9295
Akira Kurosawa,4570
Rob Hawk,11099
Oliver Hirschbiegel,750
Joe Berlinger,3997
Nicholas Jarecki,5191
Joan Chen,1996
Chad Hartigan,9088
Fred Durst,9518
Dean Israelite,2913
Ryan Coogler,8262
Brad Peyton,7016
Beeban Kidron,10310
Ry--hei Kitamura,184
Jorge R. Guti--rrez,9392
Adam Jay Epstein,8728
Nicole Holofcener,5466
Raja Menon,6682
Max Mayer,1041
Tom Kalin,10376
Adam Rapp,3111
Andy Tennant,1289
Andrea Di Stefano,10464
Teddy Chan,3609
K. King,6830
John Gray,9598
David Hewlett,13261
Dave Meyers,11594
Jean-Paul Rappeneau,3581
Jon Poll,11012
Alex Kendrick,4873
Angela Robinson,6677
Robert Kenner,12711
Kundan Shah,10831
Mabel Cheung,10570
Greg Coolidge,2946
George Ratliff,5811
Rafa Lara,2909
Davis Guggenheim,1774
Anna Muylaert,9762
Kevin Greutert,4402
Niall Johnson,812
Damien O'Donnell,9416
Mike McCoy,4529
C. Jay Cox,6179
Bo Zenga,11469
Mira Nair,794
Martin Brest,6415
Joe Nussbaum,2370
James Wan,2842
Harry Gantz,3268
Jem Cohen,4867
Spike Jonze,4603
Jamie Thraves,12777
Kathryn Bigelow,891
Babar Ahmed,13220
Frank Sebastiano,5823
Corey Yuen,9441
Josef Rusnak,279
Hyung-rae Shim,8910
Harry Elfont,7054
Eric Eason,5524
John Duigan,12140
Andrew Berends,11754
Danny DeVito,1154
Tim Robbins,11902
Dexter Fletcher,9878
Pierre Morel,476
Whit Stillman,3088
Neil Burger,3846
Brad Bird,5082
Johanna Schwartz,8551
Ferzan Ozpetek,12740
Marcio Garcia,6108
Kris Isacsson,4911
David Hackl,5445
Jerome Elston Scott,12861
Gary Shore,4825
Patricia Riggen,5072
Ron Underwood,8968
Vic Sarin,3488
Fede Alvarez,7383
Jim Fall,8164
Carl Rinsch,1377
Jon Shear,6778
Philip Zlotorynski,4575
Dan Rush,6421
Patrice Leconte,7734
Mark Rydell,3954
Rakeysh Omprakash Mehra,7010
D. Stevens,5852
Wes Anderson,264
Chad Kapper,9457
Floyd Mutrux,8238
Stephen Gaghan,2407
George P. Cosmatos,5753
Lance Kawas,10149
David Atkins,8900
Antoine Fuqua,4333
Ron Clements,7376
Mor Loushy,13519
Cary Bell,1699
Paul McGuigan,2133
Bob Saget,1861
Daniel Stamm,12173
Florian Henckel von Donnersmarck,10690
David S. Goyer,10501
Bigas Luna,3603
Guy Hamilton,968
Theodore Witcher,2750
Ashish R. Mohan,5795
Michael D. Sellers,3290
Kay Pollak,13274
Keenen Ivory Wayans,9670
James Ivory,1777
Christopher Spencer,13542
Timur Bekmambetov,4249
Adam Brooks,3322
Andrew Bujalski,5203
Dave Borthwick,5329
Takashi Shimizu,141
Kevin Reynolds,44
Michael Bay,1907
Gary Halvorson,9851
James Dodson,2850
William H. Macy,9093
Eric Leighton,9328
Lajos Koltai,6093
Kari Skogland,223
John Lasseter,1519
William Dear,1178
Tim Blake Nelson,958
Alex Garland,7691
Scott Foley,6133
Jon Amiel,7396
Michael Clancy,4968
Randall Rubin,6711
David Cronenberg,3664
James Manera,4073
Joshua Oppenheimer,5196
Shane Carruth,12033
Oliver Stone,1100
Olivier Assayas,7426
Jir-- Menzel,3705
Breck Eisner,4981
Erik Canuel,12550
Mark Piznarski,8476
Don Kempf,9436
Simon West,4262
Harmony Korine,9699
David M. Matthews,4935
Shane Acker,1910
Rajkumar Hirani,8753
Scott Alexander,7887
Daniel Schechter,2032
Ivan Kavanagh,10793
John Carpenter,1036
Michael Dougherty,4133
Mort Nathan,3897
Ricky Gervais,12873
George Jackson,12219
Deborah Anderson,11652
Anthony Mann,13153
Je-kyu Kang,8925
Andy Fickman,2890
Dinesh D'Souza,2520
--mile Gaudreault,10117
Francesca Gregorini,12088
Mike Marvin,5421
David Gordon Green,4011
Trent Cooper,11822
Jerry Jameson,9174
Christophe Gans,4143
E.L. Katz,11485
Shyam Madiraju,10970
Terrence Malick,2688
Mabrouk El Mechri,9838
Larry Blamire,1023
Nnegest Likk--,13124
Wallace Wolodarsky,5117
John 'Bud' Cardos,9724
Marcus Raboy,381
Christopher Leitch,12250
Craig R. Baxley,9476
Tim Johnson,7449
Damien Dante Wayans,9488
Martin Ritt,5162
Thomas Bezucha,9781
Roger Spottiswoode,6370
Fenton Bailey,10294
Alejandro Agresti,12431
Karey Kirkpatrick,10783
Dewey Nicks,13045
Guy Maddin,10590
Tommy Lee Jones,3000
James Gray,3593
Ed Decter,7399
Jonathan Caouette,3503
David Moreau,12153
David Soren,7354
Don Bluth,112
Morten Tyldum,7358
Richard Curtis,4047
Hayley Cloake,10975
Tony Bill,2126
Frank Perry,3547
Mike Hodges,3635
Leos Carax,8274
Steven Quale,4627
Jerry Rees,5364
Pou-Soi Cheang,429
Kenneth Branagh,1074
John Badham,11961
Tom Vaughan,8701
Burr Steers,679
William Arntz,3401
Dena Seidel,12355
Simon Napier-Bell,11344
Luke Dye,684
John Polson,6705
Richard Brooks,4344
Joss Whedon,4126
Mel Smith,2089
Pawel Pawlikowski,4149
Menno Meyjes,13340
John Guillermin,5229
Rebecca Miller,7595
Tony Kaye,2623
Tom Holland,3190
Daniel Petrie Jr.,2117
Doug Liman,949
Stephen Frears,954
Jean-Jacques Annaud,1443
Goran Dukic,2594
Edward Hall,7211
Ken Del Conte,11393
Ari Sandel,10577
Sherman Alexie,8517
Michael Tollin,8091
Frank Borzage,10854
Mike Nichols,1134
Dean Parisot,4330
Al Silliman Jr.,9279
Trey Parker,3066
Rodrigo Garc--a,7633
John McNaughton,10762
Gavin Wiesen,127
Frank Nissen,8666
Joel Coen,1586
John A. Davis,302
Nick Love,7309
Michael Rymer,54
Russell Friedenberg,7628
Anton Corbijn,2389
Michael Lembeck,4737
Dominic Sena,5626
Dan Gilroy,10449
Charles T. Kanganis,8046
David Duchovny,9502
Stiles White,7612
Chris Marker,10661
Kirsten Sheridan,7667
Louis Morneau,11536
Hideaki Anno,2200
Conor McMahon,1240
Gary Chapman,2287
Rick Friedberg,1194
Alessandro Carloni,3987
Jafar Panahi,10217
Sidney J. Furie,5207
Jaime Zevallos,11268
Jay Roach,655
David F. Sandberg,160
Kevin Donovan,9663
David Gelb,12415
Michael Patrick King,1737
Marilyn Agrelo,11846
Sut Jhally,9805
Tim Hunter,170
Jessie Nelson,1623
Richard Fleischer,4093
Daniel Algrant,339
Garry Marshall,713
Atom Egoyan,3194
Michael Tiddes,414
Christian Carion,2279
Phil Claydon,11630
Brandon Landers,122
Robert Sarkies,5676
Luc Jacquet,6517
Derick Martini,12394
Lance Hool,8782
Dror Moreh,13323
Steven Shainberg,12459
Amy Heckerling,2668
Ash Baron-Cohen,12022
Martin Campbell,2080
Scott Walker,9090
Aleksandr Veledinskiy,4413
Florence Ayisi,1681
Joseph Sargent,7453
Garth Jennings,9546
Gil Junger,5932
Danny Pang,6082
Deb Hagan,4316
Khyentse Norbu,2984
David Raynr,8762
Jason Connery,1125
Clint Eastwood,84
Rian Johnson,7661
Zoran Lisinac,3598
Des McAnuff,8070
Cyrus Nowrasteh,12405
Jennifer Flackett,10468
Joon-ho Bong,2428
Lionel C. Martin,7755
Kevin Munroe,2701
Roger Donaldson,5045
Luc Besson,887
Maryam Keshavarz,6403
Christian Sesma,5019
Peter H. Hunt,8075
Marc Bennett,3763
Andrey Konchalovskiy,5972
Lewis Gilbert,6279
Ed Harris,7037
Siddiq Barmak,5709
Charles Matthau,7415
Roland Suso Richter,8972
Vondie Curtis-Hall,13461
Norman Ferguson,213
Brenton Spencer,8127
Tanner Beard,7959
Luca Guadagnino,13498
Mark Brown,5506
Joshua Seftel,7804
Wally Pfister,1332
Richard Williams,1749
Mathieu Kassovitz,3457
Michael Walker,443
Pan Nalin,5309
Spike Lee,155
Ian Fitzgibbon,6906
Ryan Little,3767
Stephen Kay,5187
Mervyn LeRoy,11724
Janusz Kaminski,12419
Alejandro Monteverde,2582
Joey Lauren Adams,1480
Kelly Reichardt,3894
Les Mayfield,631
Troy Miller,3967
Ellory Elkayem,9641
Roland Emmerich,2417
Michael Dinner,10625
Douglas Aarniokoski,3352
Mark Waters,274
Roger Avary,2862
W.D. Hogan,9690
Jeff Tremaine,6153
J.A. Bayona,10674
Walter Hill,146
Jane Clark,12790
Jeremy Leven,3642
Mark Steven Johnson,1870
Tom Green,10373
Julio DePietro,1257
Mike Bruce,12833
Jonathan Meyers,8946
Clare Kilner,8296
Christopher Erskin,11281
Peter Hewitt,316
Andrew Stanton,5618
Reinhard Klooss,12680
Adam Shankman,3292
Christopher Scott Cherot,1000
Donald Petrie,990
Chris Atkins,2320
Matt Reeves,3338
Thomas L. Phillips,3424
Rupert Sanders,9034
Derrick Borte,5847
Blair Hayes,562
Lone Scherfig,4983
Robert Bennett,11179
David Leland,5838
Paul King,7018
David Carson,11862
Penny Marshall,896
Duncan Tucker,10992
Roger Allers,2010
Richard Ayoade,2972
Chris Carter,11130
Robert B. Weide,9301
Will Gluck,5075
Brian Percival,12545
Michael Moore,1113
Michael Schultz,717
Leigh Whannell,9927
Lloyd Kaufman,4973
David Hunt,5304
Andrei Tarkovsky,9262
Bryan Singer,2452
Antony Hoffman,2075
Chris Rock,3393
Steven Soderbergh,1232
Shane Dawson,8642
Matt Cimber,13296
Maggie Carey,5153
Stanley Kramer,1844
Christopher Smith,12054
Greg Mottola,1214
Wil Shriner,6557
Jeannot Szwarc,3362
Bill Duke,7686
Charles Martin Smith,1723
Antonio Banderas,13506
Sharon Greytak,11773
Philip Kaufman,6467
Eric Bross,4808
Tim Story,3716
Damon Santostefano,8110
Shawn Levy,1543
Nicolas Winding Refn,1197
Tom Hooper,2474
Howard Hughes,4662
Gregory Nava,6740
Thea Sharrock,13442
Jared Hess,325
Drake Doremus,5112
Brian A Miller,1583
Jerry Zaks,9645
Jerome Robbins,6383
Mel Gibson,136
Jean-Marc Vall--e,8699
Doug Walker,9042
Chris Butler,4977
Drew Barrymore,6389
William A. Graham,12563
Rand Ravich,2430
Jon M. Chu,4062
Colin Strause,11389
Kevin Jordan,8844
Stephan Elliott,6350
Wes Ball,8907
J. Lee Thompson,4294
DJ Pooh,321
Jason Zada,4511
Ben Stiller,64
Rich Moore,9081
John H. Lee,11261
Jennifer Yuh Nelson,4000
Barry Sonnenfeld,1364
Sarah Gavron,5320
Andrzej Bartkowiak,1295
Paul Weiland,9778
Michael Caton-Jones,2476
Travis Romero,5772
Ang Lee,3167
Bruce Dellis,9402
Jay Russell,1244
Jerry Dugan,10770
Avi Nesher,9388
Nicholas Hytner,10337
Andrew Davis,1952
Christopher Morris,9210
Damir Catic,2847
Rachel Talalay,4390
Gabor Csupo,8407
Mark Osborne,5785
Scott Hicks,2345
Maria Maggenti,10385
Lucky McKee,6726
David Mirkin,10045
Marc Lawrence,8193
Taedong Park,5438
Piyush Dinker Pandya,650
Mel Stuart,11038
Peter Care,8976
Russell Crowe,4349
Chao-Bin Su,2362
Patrick Stettner,1936
Peter Hyams,6547
John Milius,194
Lynn Shelton,4053
Bobby Roth,505
Barry Levinson,79
Carl Theodor Dreyer,9366
Michael Wadleigh,9593
Steve Antin,10959
Richard Benjamin,1092
Judd Apatow,5094
Michael Chapman,11953
Jerry Belson,5892
Aleksey German,8620
Bibo Bergeron,6181
Andrew Dominik,2827
Tom Reeve,13236
Vidhu Vinod Chopra,5387
Pascal Arnold,5984
Jaume Collet-Serra,524
Jody Hill,7111
Patricia Cardoso,6843
Rob Marshall,5658
Don Scardino,10039
Michael Mayer,3295
Lasse Hallstr--m,3146
Terron R. Parsons,11656
Jamaa Fanaka,12828
Michael Patrick Jann,1852
Joshua Logan,5584
Clark Gregg,1821
Tim Fywell,12081
Jonas Elmer,11315
Vera Farmiga,7840
Steve Martino,1941
Katja von Garnier,12329
Peter Medak,5769
Hsiao-Hsien Hou,11921
Natalie Bible',10995
Robert Lee King,5513
Martin Weisz,5894
James Bobin,4680
Ole Christian Madsen,7461
Mona Fastvold,4717
Tate Taylor,69
Sam Levinson,8748
Jeffrey St. Jules,4788
David Winning,11808
Justin Zackham,7139
Henry King,11383
Luis Mandoki,4653
Christophe Barratier,9340
Lance Mungia,5376
Ron Howard,2189
Ian Sharp,8500
Cristian Mungiu,4229
Paul Abascal,6117
Nancy Meyers,3928
Brian Baugh,11552
Eric Schaeffer,10256
--tienne Faure,12655
Jonathan Kesselman,4514
Fran--ois Truffaut,5651
Carter Smith,7849
Ham Tran,11559
Sam Mendes,1415
Ben Lewin,10844
Liliana Cavani,3410
Greg Tiernan,9873
Dave Payne,510
Bille August,7782
Lijun Sun,8143
Franklin J. Schaffner,5760
Marcus Dunstan,4712
Robert Lorenz,10724
Jennifer Finnigan,7436
Becky Smith,5994
Arie Posin,8878
Chris Paine,10509
Patrick Creadon,5643
Vincenzo Natali,3445
Eric Bugbee,11242
Dennie Gordon,2255
Niki Caro,8797
Denis Villeneuve,2435
Peter Stebbings,8890
Scott Marshall,2603
Miguel Arteta,2163
Nathan Smith Jones,10545
Allison Burnett,6015
William Friedkin,2887
Jon Lucas,2539
Gregory Jacobs,1436
Marc Sch--lermann,8116
David Pastor,10494
Stephen Hopkins,1312
Lucio Fulci,5665
Dean DeBlois,9929
Jerry Zucker,1608
Paul Andrew Williams,5062
Kirk Wong,6967
Jim Goddard,3384
Ted Post,12436
Robert Butler,4524
Georgia Hilton,11747
Chris Kentis,7326
Jim Chuchu,2103
Richard Boddington,9317
Peter R. Hunt,12721
Mars Callahan,13436
Harold Cronk,11970
Neil Marshall,2246
Juan Carlos Fresnadillo,5360
Duane Journey,12572
Ken Scott,6944
Ian Iqbal Rashid,4813
Callie Khouri,2137
Randal Kleiser,618
Craig Brewer,8399
Don Michael Paul,3372
Billy Bob Thornton,10275
Eric Lavaine,8837
Steve Oedekerk,3661
Mamoru Hosoda,2967
Frank Whaley,9892
Todd Field,9924
Steven Spielberg,2683
Andrew Steggall,6716
Claudia Sainte-Luce,8364
Ben Stassen,8419
Nigel Cole,10056
Kristin Rizzo,3622
Cecil B. DeMille,481
Morgan J. Freeman,7348
Walter Murch,8084
Courtney Hunt,4476
Isabel Coixet,6978
Ekachai Uekrongtham,12539
Jon Kasdan,5556
Dave Rodriguez,514
Simon Yin,586
Patrick Ryan Sims,12775
Mark Sandrich,6873
John Laing,10207
Perry Andelin Blake,5776
Ulu Grosbard,3277
Marc Abraham,12471
Fred Savage,9170
A. Raven Cruz,1163
Gary Fleder,4926
Audrey Wells,12007
James L. Brooks,3335
Dominic Burns,13457
Sam Firstenberg,5066
Paul Crowder,2231
Sanaa Hamri,5712
David Winters,10173
Chuck Bowman,3258
Dennis Dugan,2223
Nick Hurran,12114
Sean Anders,1441
John Stockwell,3396
Shekhar Kapur,8197
Chris Miller,6085
Ryan Smith,5128
Jeb Stuart,6802
Rob Cohen,2234
Erik White,3095
Michael Landon Jr.,468
Lawrence Kasdan,6075
Akiva Goldsman,6625
Kasi Lemmons,238
Martyn Pick,9911
Jorge Blanco,13343
William A. Fraker,11398
Sam Fell,5653
Paul Schrader,5700
Jez Butterworth,13028
Eugenio Derbez,9629
Eytan Fox,4035
Robin Budd,7379
Wayne Thornley,2773
Cedric Nicolas-Troyan,11395
Boaz Yakin,7647
Gary Ross,1552
Joel Edgerton,7082
Edward Zwick,1662
Nacho Vigalondo,10085
Kevin Costner,4085
Len Wiseman,3098
Rohit Jagessar,1018
Lauren Lazin,12093
Tung-Shing Yee,11006
George Tillman Jr.,1470
Richard Eyre,10359
Eric Mendelsohn,5462
Sara Newens,12106
Tomas Alfredson,12399
Lenny Abrahamson,4621
Chuck Russell,3508
Dylan Bank,1300
Robert D. Webb,8943
Peter Flinth,8059
Tom Elkins,9769
Blake Edwards,9681
Kief Davidson,3737
Fritz Lang,10285
Randy Moore,1758
Uwe Boll,9079
Rob Hedden,9121
Herbert Ross,5798
Frank Marshall,922
Jeff Schaffer,10913
Jason Naumann,2839
Bruce Paltrow,6299
William Brent Bell,4908
Howard Zieff,1053
Kelly Asbury,10001
Bill Plympton,2825
George Roy Hill,2172
Patrick Meaney,7120
Joe Charbanic,1411
Jonathan Lynn,6755
Martin Lawrence,6671
Daniel Espinosa,8533
Amal Al-Agroobi,4959
Alan Cohn,1690
Peter Jackson,2374
Nimr--d Antal,6128
Ric Roman Waugh,1999
Hayao Miyazaki,1753
Woo-Suk Kang,12349
Charles Herman-Wurmfeld,5925
Maurizio Benazzo,4673
Li Zhang,354
Henry Jaglom,269
Marc Levin,7446
Fr--d--ric Auburtin,7984
Hao Ning,4025
Stephen Kijak,12012
Richard Montoya,7837
Michael Anderson,6580
Richard Rich,4154
James Mangold,1349
Brian Trenchard-Smith,2570
Patrick Read Johnson,2242
Joseph Gordon-Levitt,4853
Todd Haynes,1013
Zack Snyder,944
Akiva Schaffer,5240
Luis Valdez,10409
Joseph Kosinski,4441
Robert Harmon,533
Lana Wachowski,2801
Clark Baker,11062
Terence Young,3149
Kevin Carraway,8985
Barrett Esposito,12477
Pete Docter,3588
Tim Chambers,10949
Maksim Fadeev,7855
Chris Eyre,9490
Takeshi Kitano,8489
Chris Noonan,3035
Rania Attieh,11818
Victor Salva,2894
Lee Toland Krieger,2626
Finn Taylor,3575
Henry Joost,4040
Sterling Van Wagenen,9920
Philip G. Atwell,10481
Andrew Bergman,5246
Bruce Beresford,1655
Elia Kazan,1130
John Maybury,12913
Kevin Spacey,1727
Jun Falkenstein,5100
Ward Roberts,11092
Seth Gordon,10615
Daniel Davila,7430
Fred Dekker,4161
Bill Paxton,5946
Alex Smith,6886
Sean McNamara,1813
Michael Winnick,7812
Tarsem Singh,5956
Mario Van Peebles,4222
Richard Marquand,6992
Michael Dowse,1452
Julian Gilbey,2727
Jee-woon Kim,3682
Matt Jackson,11337
Travis Zariwny,4703
Justin Dillon,4608
Thor Freudenthal,6738
John Gatins,12577
Courtney Solomon,759
Wayne Kramer,2661
John Carney,2950
Michael Pressman,10254
Jim Mickle,6163
Ralph Fiennes,3620
Brian Klugman,9330
Tony Krantz,6615
Pascal Chaumeil,11416
David Mamet,3617
Harold Becker,5145
Monte Hellman,4438
Maurice Joyce,11003
Matthew Diamond,1694
