Name,NodeID
Robert Downey Jr.,32
John CarterA 2012,0
Joel David Moore,27
J.K. Simmons,6
Sam Raimi,9
Jack Davenport,23
Joss Whedon,34
CCH Pounder,26
Avengers: Age of UltronA 2015,30
James Cameron,29
M.C. Gainey,13
TangledA 2010,10
Gore Verbinski,24
Scarlett Johansson,33
Donna Murphy,12
Joseph Gordon-Levitt,18
Nathan Greno,14
Daryl Sabara,1
James Franco,7
Chris Hemsworth,31
Andrew Stanton,4
Christian Bale,17
The Dark Knight RisesA 2012,15
Pirates of the Caribbean: At World's EndA 2007,20
Tom Hardy,16
Johnny Depp,21
Christopher Nolan,19
Samantha Morton,2
Orlando Bloom,22
Brad Garrett,11
Kirsten Dunst,8
Spider-Man 3A 2007,5
Polly Walker,3
AvatarA 2009,25
Wes Studi,28
